command	namespace	access	ui_status	capability	limitation	cli_source	ui_source
openstack address group create	openstack.network.v2	mutation	no	Создать — Создать: группа IP/CIDR.	Нет панели address groups и выбора remote_address_group в Security Groups.	https://github.com/openstack/python-openstackclient/blob/7.4.0/openstackclient/network/v2/address_group.py#L60	https://github.com/openstack/horizon/tree/25.3.0/openstack_dashboard/enabled; https://github.com/openstack/horizon/tree/25.3.0/openstack_dashboard/dashboards; https://github.com/openstack/horizon/tree/25.3.0/openstack_dashboard/static/app/core
openstack address group delete	openstack.network.v2	mutation	no	Удалить — Удалить: группа IP/CIDR.	Нет панели address groups и выбора remote_address_group в Security Groups.	https://github.com/openstack/python-openstackclient/blob/7.4.0/openstackclient/network/v2/address_group.py#L107	https://github.com/openstack/horizon/tree/25.3.0/openstack_dashboard/enabled; https://github.com/openstack/horizon/tree/25.3.0/openstack_dashboard/dashboards; https://github.com/openstack/horizon/tree/25.3.0/openstack_dashboard/static/app/core
openstack address group list	openstack.network.v2	read	no	Перечислить — Перечислить: группа IP/CIDR.	Нет панели address groups и выбора remote_address_group в Security Groups.	https://github.com/openstack/python-openstackclient/blob/7.4.0/openstackclient/network/v2/address_group.py#L147	https://github.com/openstack/horizon/tree/25.3.0/openstack_dashboard/enabled; https://github.com/openstack/horizon/tree/25.3.0/openstack_dashboard/dashboards; https://github.com/openstack/horizon/tree/25.3.0/openstack_dashboard/static/app/core
openstack address group set	openstack.network.v2	mutation	no	Изменить — Изменить: группа IP/CIDR.	Нет панели address groups и выбора remote_address_group в Security Groups.	https://github.com/openstack/python-openstackclient/blob/7.4.0/openstackclient/network/v2/address_group.py#L212	https://github.com/openstack/horizon/tree/25.3.0/openstack_dashboard/enabled; https://github.com/openstack/horizon/tree/25.3.0/openstack_dashboard/dashboards; https://github.com/openstack/horizon/tree/25.3.0/openstack_dashboard/static/app/core
openstack address group show	openstack.network.v2	read	no	Показать — Показать: группа IP/CIDR.	Нет панели address groups и выбора remote_address_group в Security Groups.	https://github.com/openstack/python-openstackclient/blob/7.4.0/openstackclient/network/v2/address_group.py#L264	https://github.com/openstack/horizon/tree/25.3.0/openstack_dashboard/enabled; https://github.com/openstack/horizon/tree/25.3.0/openstack_dashboard/dashboards; https://github.com/openstack/horizon/tree/25.3.0/openstack_dashboard/static/app/core
openstack address group unset	openstack.network.v2	mutation	no	Снять параметры — Снять параметры: группа IP/CIDR.	Нет панели address groups и выбора remote_address_group в Security Groups.	https://github.com/openstack/python-openstackclient/blob/7.4.0/openstackclient/network/v2/address_group.py#L288	https://github.com/openstack/horizon/tree/25.3.0/openstack_dashboard/enabled; https://github.com/openstack/horizon/tree/25.3.0/openstack_dashboard/dashboards; https://github.com/openstack/horizon/tree/25.3.0/openstack_dashboard/static/app/core
openstack address scope create	openstack.network.v2	mutation	no	Создать — Создать: область адресного пространства.	Нет отдельного интерфейса address scopes; это не подсеть и не security group.	https://github.com/openstack/python-openstackclient/blob/7.4.0/openstackclient/network/v2/address_scope.py#L61	https://github.com/openstack/horizon/tree/25.3.0/openstack_dashboard/enabled; https://github.com/openstack/horizon/tree/25.3.0/openstack_dashboard/dashboards; https://github.com/openstack/horizon/tree/25.3.0/openstack_dashboard/static/app/core
openstack address scope delete	openstack.network.v2	mutation	no	Удалить — Удалить: область адресного пространства.	Нет отдельного интерфейса address scopes; это не подсеть и не security group.	https://github.com/openstack/python-openstackclient/blob/7.4.0/openstackclient/network/v2/address_scope.py#L112	https://github.com/openstack/horizon/tree/25.3.0/openstack_dashboard/enabled; https://github.com/openstack/horizon/tree/25.3.0/openstack_dashboard/dashboards; https://github.com/openstack/horizon/tree/25.3.0/openstack_dashboard/static/app/core
openstack address scope list	openstack.network.v2	read	no	Перечислить — Перечислить: область адресного пространства.	Нет отдельного интерфейса address scopes; это не подсеть и не security group.	https://github.com/openstack/python-openstackclient/blob/7.4.0/openstackclient/network/v2/address_scope.py#L154	https://github.com/openstack/horizon/tree/25.3.0/openstack_dashboard/enabled; https://github.com/openstack/horizon/tree/25.3.0/openstack_dashboard/dashboards; https://github.com/openstack/horizon/tree/25.3.0/openstack_dashboard/static/app/core
openstack address scope set	openstack.network.v2	mutation	no	Изменить — Изменить: область адресного пространства.	Нет отдельного интерфейса address scopes; это не подсеть и не security group.	https://github.com/openstack/python-openstackclient/blob/7.4.0/openstackclient/network/v2/address_scope.py#L248	https://github.com/openstack/horizon/tree/25.3.0/openstack_dashboard/enabled; https://github.com/openstack/horizon/tree/25.3.0/openstack_dashboard/dashboards; https://github.com/openstack/horizon/tree/25.3.0/openstack_dashboard/static/app/core
openstack address scope show	openstack.network.v2	read	no	Показать — Показать: область адресного пространства.	Нет отдельного интерфейса address scopes; это не подсеть и не security group.	https://github.com/openstack/python-openstackclient/blob/7.4.0/openstackclient/network/v2/address_scope.py#L293	https://github.com/openstack/horizon/tree/25.3.0/openstack_dashboard/enabled; https://github.com/openstack/horizon/tree/25.3.0/openstack_dashboard/dashboards; https://github.com/openstack/horizon/tree/25.3.0/openstack_dashboard/static/app/core
openstack floating ip create	openstack.network.v2	mutation	yes	Создать — Выделить floating IP из внешней сети; Allocate IP в Project/Admin.	UI предлагает адрес, описание и DNS-поля; произвольные CLI-параметры, включая QoS policy, представлены не все.	https://github.com/openstack/python-openstackclient/blob/7.4.0/openstackclient/network/v2/floating_ip.py#L95	https://github.com/openstack/horizon/blob/25.3.0/openstack_dashboard/dashboards/project/floating_ips/forms.py#L30
openstack floating ip delete	openstack.network.v2	mutation	yes	Удалить — Release IPs / таблица Floating IPs.	Операции и список доступны в Project/Admin; действуют права и квота.	https://github.com/openstack/python-openstackclient/blob/7.4.0/openstackclient/network/v2/floating_ip.py#L209	https://github.com/openstack/horizon/blob/25.3.0/openstack_dashboard/dashboards/project/floating_ips/tables.py#L324
openstack floating ip list	openstack.network.v2	read	yes	Перечислить — Release IPs / таблица Floating IPs.	Операции и список доступны в Project/Admin; действуют права и квота.	https://github.com/openstack/python-openstackclient/blob/7.4.0/openstackclient/network/v2/floating_ip.py#L236	https://github.com/openstack/horizon/blob/25.3.0/openstack_dashboard/dashboards/project/floating_ips/tables.py#L324
openstack floating ip set	openstack.network.v2	mutation	partial	Изменить — Associate IP связывает адрес с портом/фиксированным IP.	Нет общего Edit Floating IP для изменения description, QoS policy и тегов.	https://github.com/openstack/python-openstackclient/blob/7.4.0/openstackclient/network/v2/floating_ip.py#L441	https://github.com/openstack/horizon/blob/25.3.0/openstack_dashboard/dashboards/project/floating_ips/workflows.py#L153; https://github.com/openstack/horizon/blob/25.3.0/openstack_dashboard/dashboards/project/floating_ips/tables.py#L324
openstack floating ip show	openstack.network.v2	read	yes	Показать — Посмотреть floating IP и связанную сеть/порт в деталях Admin.	Не заявляется равенство всех дополнительных колонок API.	https://github.com/openstack/python-openstackclient/blob/7.4.0/openstackclient/network/v2/floating_ip.py#L522	https://github.com/openstack/horizon/blob/25.3.0/openstack_dashboard/dashboards/admin/floating_ips/templates/floating_ips/detail.html#L1
openstack floating ip unset	openstack.network.v2	mutation	partial	Снять параметры — Disassociate IP снимает связь с портом.	Снятие QoS policy/тегов этим UI не представлено.	https://github.com/openstack/python-openstackclient/blob/7.4.0/openstackclient/network/v2/floating_ip.py#L549	https://github.com/openstack/horizon/blob/25.3.0/openstack_dashboard/dashboards/project/floating_ips/tables.py#L219
openstack floating ip pool list	openstack.network.v2	read	partial	Перечислить — Список pools показан при Allocate IP.	Это список выбора в форме, а не самостоятельная таблица всех external network pool attributes.	https://github.com/openstack/python-openstackclient/blob/7.4.0/openstackclient/network/v2/floating_ip_pool.py#L22	https://github.com/openstack/horizon/blob/25.3.0/openstack_dashboard/dashboards/project/floating_ips/forms.py#L30
openstack floating ip port forwarding create	openstack.network.v2	mutation	yes	Создать — Configure/List All Floating IP Port Forwarding Rules: создать, удалить, перечислить, изменить правило.	Доступ через Floating IPs, скрытая навигационная панель; нужны соответствующие Neutron extensions. UI поддерживает TCP/UDP, диапазоны портов, internal IP и description.	https://github.com/openstack/python-openstackclient/blob/7.4.0/openstackclient/network/v2/floating_ip_port_forwarding.py#L95	https://github.com/openstack/horizon/blob/25.3.0/openstack_dashboard/dashboards/project/floating_ip_portforwardings/tables.py#L131; https://github.com/openstack/horizon/blob/25.3.0/openstack_dashboard/dashboards/project/floating_ip_portforwardings/workflows.py#L60
openstack floating ip port forwarding delete	openstack.network.v2	mutation	yes	Удалить — Configure/List All Floating IP Port Forwarding Rules: создать, удалить, перечислить, изменить правило.	Доступ через Floating IPs, скрытая навигационная панель; нужны соответствующие Neutron extensions. UI поддерживает TCP/UDP, диапазоны портов, internal IP и description.	https://github.com/openstack/python-openstackclient/blob/7.4.0/openstackclient/network/v2/floating_ip_port_forwarding.py#L198	https://github.com/openstack/horizon/blob/25.3.0/openstack_dashboard/dashboards/project/floating_ip_portforwardings/tables.py#L131; https://github.com/openstack/horizon/blob/25.3.0/openstack_dashboard/dashboards/project/floating_ip_portforwardings/workflows.py#L60
openstack floating ip port forwarding list	openstack.network.v2	read	yes	Перечислить — Configure/List All Floating IP Port Forwarding Rules: создать, удалить, перечислить, изменить правило.	Доступ через Floating IPs, скрытая навигационная панель; нужны соответствующие Neutron extensions. UI поддерживает TCP/UDP, диапазоны портов, internal IP и description.	https://github.com/openstack/python-openstackclient/blob/7.4.0/openstackclient/network/v2/floating_ip_port_forwarding.py#L251	https://github.com/openstack/horizon/blob/25.3.0/openstack_dashboard/dashboards/project/floating_ip_portforwardings/tables.py#L131; https://github.com/openstack/horizon/blob/25.3.0/openstack_dashboard/dashboards/project/floating_ip_portforwardings/workflows.py#L60
openstack floating ip port forwarding set	openstack.network.v2	mutation	yes	Изменить — Configure/List All Floating IP Port Forwarding Rules: создать, удалить, перечислить, изменить правило.	Доступ через Floating IPs, скрытая навигационная панель; нужны соответствующие Neutron extensions. UI поддерживает TCP/UDP, диапазоны портов, internal IP и description.	https://github.com/openstack/python-openstackclient/blob/7.4.0/openstackclient/network/v2/floating_ip_port_forwarding.py#L351	https://github.com/openstack/horizon/blob/25.3.0/openstack_dashboard/dashboards/project/floating_ip_portforwardings/tables.py#L131; https://github.com/openstack/horizon/blob/25.3.0/openstack_dashboard/dashboards/project/floating_ip_portforwardings/workflows.py#L60
openstack floating ip port forwarding show	openstack.network.v2	read	partial	Показать — Правило видно в таблице и предзаполненной Edit-форме.	Отдельного DetailView по UUID нет; таблица показывает основные параметры перенаправления.	https://github.com/openstack/python-openstackclient/blob/7.4.0/openstackclient/network/v2/floating_ip_port_forwarding.py#L451	https://github.com/openstack/horizon/blob/25.3.0/openstack_dashboard/dashboards/project/floating_ip_portforwardings/tables.py#L131; https://github.com/openstack/horizon/blob/25.3.0/openstack_dashboard/dashboards/project/floating_ip_portforwardings/views.py#L35
openstack ip availability list	openstack.network.v2	read	partial	Перечислить — Used IPs / Free IPs подсетей в Admin → Networks → конкретная сеть.	Нет общей таблицы availability по всем сетям; вывод Free IPs ограничен представлением, нужен network-ip-availability.	https://github.com/openstack/python-openstackclient/blob/7.4.0/openstackclient/network/v2/ip_availability.py#L38	https://github.com/openstack/horizon/blob/25.3.0/openstack_dashboard/dashboards/admin/networks/subnets/tables.py#L63
openstack ip availability show	openstack.network.v2	read	partial	Показать — Used IPs / Free IPs подсетей в Admin → Networks → конкретная сеть.	Нет общей таблицы availability по всем сетям; вывод Free IPs ограничен представлением, нужен network-ip-availability.	https://github.com/openstack/python-openstackclient/blob/7.4.0/openstackclient/network/v2/ip_availability.py#L104	https://github.com/openstack/horizon/blob/25.3.0/openstack_dashboard/dashboards/admin/networks/subnets/tables.py#L63
openstack local ip create	openstack.network.v2	mutation	no	Создать — Создать: Local IP Neutron.	Нет панели Local IP; Floating IP — другой ресурс.	https://github.com/openstack/python-openstackclient/blob/7.4.0/openstackclient/network/v2/local_ip.py#L71	https://github.com/openstack/horizon/tree/25.3.0/openstack_dashboard/enabled; https://github.com/openstack/horizon/tree/25.3.0/openstack_dashboard/dashboards; https://github.com/openstack/horizon/tree/25.3.0/openstack_dashboard/static/app/core
openstack local ip delete	openstack.network.v2	mutation	no	Удалить — Удалить: Local IP Neutron.	Нет панели Local IP; Floating IP — другой ресурс.	https://github.com/openstack/python-openstackclient/blob/7.4.0/openstackclient/network/v2/local_ip.py#L118	https://github.com/openstack/horizon/tree/25.3.0/openstack_dashboard/enabled; https://github.com/openstack/horizon/tree/25.3.0/openstack_dashboard/dashboards; https://github.com/openstack/horizon/tree/25.3.0/openstack_dashboard/static/app/core
openstack local ip list	openstack.network.v2	read	no	Перечислить — Перечислить: Local IP Neutron.	Нет панели Local IP; Floating IP — другой ресурс.	https://github.com/openstack/python-openstackclient/blob/7.4.0/openstackclient/network/v2/local_ip.py#L190	https://github.com/openstack/horizon/tree/25.3.0/openstack_dashboard/enabled; https://github.com/openstack/horizon/tree/25.3.0/openstack_dashboard/dashboards; https://github.com/openstack/horizon/tree/25.3.0/openstack_dashboard/static/app/core
openstack local ip set	openstack.network.v2	mutation	no	Изменить — Изменить: Local IP Neutron.	Нет панели Local IP; Floating IP — другой ресурс.	https://github.com/openstack/python-openstackclient/blob/7.4.0/openstackclient/network/v2/local_ip.py#L158	https://github.com/openstack/horizon/tree/25.3.0/openstack_dashboard/enabled; https://github.com/openstack/horizon/tree/25.3.0/openstack_dashboard/dashboards; https://github.com/openstack/horizon/tree/25.3.0/openstack_dashboard/static/app/core
openstack local ip show	openstack.network.v2	read	no	Показать — Показать: Local IP Neutron.	Нет панели Local IP; Floating IP — другой ресурс.	https://github.com/openstack/python-openstackclient/blob/7.4.0/openstackclient/network/v2/local_ip.py#L297	https://github.com/openstack/horizon/tree/25.3.0/openstack_dashboard/enabled; https://github.com/openstack/horizon/tree/25.3.0/openstack_dashboard/dashboards; https://github.com/openstack/horizon/tree/25.3.0/openstack_dashboard/static/app/core
openstack local ip association create	openstack.network.v2	mutation	no	Создать — Создать: ассоциация Local IP с портом.	Нет действий управления Local IP associations.	https://github.com/openstack/python-openstackclient/blob/7.4.0/openstackclient/network/v2/local_ip_association.py#L38	https://github.com/openstack/horizon/tree/25.3.0/openstack_dashboard/enabled; https://github.com/openstack/horizon/tree/25.3.0/openstack_dashboard/dashboards; https://github.com/openstack/horizon/tree/25.3.0/openstack_dashboard/static/app/core
openstack local ip association delete	openstack.network.v2	mutation	no	Удалить — Удалить: ассоциация Local IP с портом.	Нет действий управления Local IP associations.	https://github.com/openstack/python-openstackclient/blob/7.4.0/openstackclient/network/v2/local_ip_association.py#L84	https://github.com/openstack/horizon/tree/25.3.0/openstack_dashboard/enabled; https://github.com/openstack/horizon/tree/25.3.0/openstack_dashboard/dashboards; https://github.com/openstack/horizon/tree/25.3.0/openstack_dashboard/static/app/core
openstack local ip association list	openstack.network.v2	read	no	Перечислить — Перечислить: ассоциация Local IP с портом.	Нет действий управления Local IP associations.	https://github.com/openstack/python-openstackclient/blob/7.4.0/openstackclient/network/v2/local_ip_association.py#L139	https://github.com/openstack/horizon/tree/25.3.0/openstack_dashboard/enabled; https://github.com/openstack/horizon/tree/25.3.0/openstack_dashboard/dashboards; https://github.com/openstack/horizon/tree/25.3.0/openstack_dashboard/static/app/core
openstack network agent add network	openstack.network.v2	mutation	yes	Add DHCP Agent у сети связывает сеть с DHCP agent.	Нужен dhcp_agent_scheduler; это назначение DHCP, не произвольного типа agent.	https://github.com/openstack/python-openstackclient/blob/7.4.0/openstackclient/network/v2/network_agent.py#L59	https://github.com/openstack/horizon/blob/25.3.0/openstack_dashboard/dashboards/admin/networks/agents/tables.py#L31; https://github.com/openstack/horizon/blob/25.3.0/openstack_dashboard/dashboards/admin/networks/agents/forms.py#L25
openstack network agent add router	openstack.network.v2	mutation	no	Нет соответствующего действия над network agent.	View Routers показывает размещенные routers, но не добавляет/удаляет L3 bindings; в NetworkAgentsTable нет enable/disable/delete. Delete DHCP Agent отвязывает сеть.	https://github.com/openstack/python-openstackclient/blob/7.4.0/openstackclient/network/v2/network_agent.py#L96	https://github.com/openstack/horizon/blob/25.3.0/openstack_dashboard/dashboards/admin/info/tables.py#L185; https://github.com/openstack/horizon/blob/25.3.0/openstack_dashboard/dashboards/admin/networks/agents/tables.py#L31
openstack network agent delete	openstack.network.v2	mutation	no	Удалить — Нет соответствующего действия над network agent.	View Routers показывает размещенные routers, но не добавляет/удаляет L3 bindings; в NetworkAgentsTable нет enable/disable/delete. Delete DHCP Agent отвязывает сеть.	https://github.com/openstack/python-openstackclient/blob/7.4.0/openstackclient/network/v2/network_agent.py#L125	https://github.com/openstack/horizon/blob/25.3.0/openstack_dashboard/dashboards/admin/info/tables.py#L185; https://github.com/openstack/horizon/blob/25.3.0/openstack_dashboard/dashboards/admin/networks/agents/tables.py#L31
openstack network agent list	openstack.network.v2	read	yes	Перечислить — Admin → System Information → Network Agents.	Показаны тип, binary, host, AZ, enabled/alive, heartbeat; нужен extension agent.	https://github.com/openstack/python-openstackclient/blob/7.4.0/openstackclient/network/v2/network_agent.py#L165	https://github.com/openstack/horizon/blob/25.3.0/openstack_dashboard/dashboards/admin/info/tables.py#L202
openstack network agent remove network	openstack.network.v2	mutation	yes	Delete DHCP Agent у сети удаляет назначение сети этому DHCP agent.	Несмотря на текст Delete DHCP Agent, сам agent не удаляется: вызывается remove_network_from_dhcp_agent.	https://github.com/openstack/python-openstackclient/blob/7.4.0/openstackclient/network/v2/network_agent.py#L290	https://github.com/openstack/horizon/blob/25.3.0/openstack_dashboard/dashboards/admin/networks/agents/tables.py#L31
openstack network agent remove router	openstack.network.v2	mutation	no	Нет соответствующего действия над network agent.	View Routers показывает размещенные routers, но не добавляет/удаляет L3 bindings; в NetworkAgentsTable нет enable/disable/delete. Delete DHCP Agent отвязывает сеть.	https://github.com/openstack/python-openstackclient/blob/7.4.0/openstackclient/network/v2/network_agent.py#L326	https://github.com/openstack/horizon/blob/25.3.0/openstack_dashboard/dashboards/admin/info/tables.py#L185; https://github.com/openstack/horizon/blob/25.3.0/openstack_dashboard/dashboards/admin/networks/agents/tables.py#L31
openstack network agent set	openstack.network.v2	mutation	no	Изменить — Нет соответствующего действия над network agent.	View Routers показывает размещенные routers, но не добавляет/удаляет L3 bindings; в NetworkAgentsTable нет enable/disable/delete. Delete DHCP Agent отвязывает сеть.	https://github.com/openstack/python-openstackclient/blob/7.4.0/openstackclient/network/v2/network_agent.py#L359	https://github.com/openstack/horizon/blob/25.3.0/openstack_dashboard/dashboards/admin/info/tables.py#L185; https://github.com/openstack/horizon/blob/25.3.0/openstack_dashboard/dashboards/admin/networks/agents/tables.py#L31
openstack network agent show	openstack.network.v2	read	partial	Показать — Основные свойства agent видны в строке Network Agents.	Отдельной страницы agent с configurations/полным ответом API нет.	https://github.com/openstack/python-openstackclient/blob/7.4.0/openstackclient/network/v2/network_agent.py#L398	https://github.com/openstack/horizon/blob/25.3.0/openstack_dashboard/dashboards/admin/info/tables.py#L202
openstack network auto allocated topology create	openstack.network.v2	mutation	no	Создать — Создать: автоматически выделяемая топология проекта.	Network Topology визуализирует имеющуюся сеть; действий auto-allocated-topology create/delete нет.	https://github.com/openstack/python-openstackclient/blob/7.4.0/openstackclient/network/v2/network_auto_allocated_topology.py#L64	https://github.com/openstack/horizon/tree/25.3.0/openstack_dashboard/enabled; https://github.com/openstack/horizon/tree/25.3.0/openstack_dashboard/dashboards; https://github.com/openstack/horizon/tree/25.3.0/openstack_dashboard/static/app/core
openstack network auto allocated topology delete	openstack.network.v2	mutation	no	Удалить — Удалить: автоматически выделяемая топология проекта.	Network Topology визуализирует имеющуюся сеть; действий auto-allocated-topology create/delete нет.	https://github.com/openstack/python-openstackclient/blob/7.4.0/openstackclient/network/v2/network_auto_allocated_topology.py#L125	https://github.com/openstack/horizon/tree/25.3.0/openstack_dashboard/enabled; https://github.com/openstack/horizon/tree/25.3.0/openstack_dashboard/dashboards; https://github.com/openstack/horizon/tree/25.3.0/openstack_dashboard/static/app/core
openstack network flavor add profile	openstack.network.v2	mutation	no	add profile: сетевой flavor и его service profiles.	Compute Flavors относятся к Nova и не заменяют Neutron network flavors.	https://github.com/openstack/python-openstackclient/blob/7.4.0/openstackclient/network/v2/network_flavor.py#L62	https://github.com/openstack/horizon/tree/25.3.0/openstack_dashboard/enabled; https://github.com/openstack/horizon/tree/25.3.0/openstack_dashboard/dashboards; https://github.com/openstack/horizon/tree/25.3.0/openstack_dashboard/static/app/core
openstack network flavor create	openstack.network.v2	mutation	no	Создать — Создать: сетевой flavor и его service profiles.	Compute Flavors относятся к Nova и не заменяют Neutron network flavors.	https://github.com/openstack/python-openstackclient/blob/7.4.0/openstackclient/network/v2/network_flavor.py#L92	https://github.com/openstack/horizon/tree/25.3.0/openstack_dashboard/enabled; https://github.com/openstack/horizon/tree/25.3.0/openstack_dashboard/dashboards; https://github.com/openstack/horizon/tree/25.3.0/openstack_dashboard/static/app/core
openstack network flavor delete	openstack.network.v2	mutation	no	Удалить — Удалить: сетевой flavor и его service profiles.	Compute Flavors относятся к Nova и не заменяют Neutron network flavors.	https://github.com/openstack/python-openstackclient/blob/7.4.0/openstackclient/network/v2/network_flavor.py#L145	https://github.com/openstack/horizon/tree/25.3.0/openstack_dashboard/enabled; https://github.com/openstack/horizon/tree/25.3.0/openstack_dashboard/dashboards; https://github.com/openstack/horizon/tree/25.3.0/openstack_dashboard/static/app/core
openstack network flavor list	openstack.network.v2	read	no	Перечислить — Перечислить: сетевой flavor и его service profiles.	Compute Flavors относятся к Nova и не заменяют Neutron network flavors.	https://github.com/openstack/python-openstackclient/blob/7.4.0/openstackclient/network/v2/network_flavor.py#L185	https://github.com/openstack/horizon/tree/25.3.0/openstack_dashboard/enabled; https://github.com/openstack/horizon/tree/25.3.0/openstack_dashboard/dashboards; https://github.com/openstack/horizon/tree/25.3.0/openstack_dashboard/static/app/core
openstack network flavor remove profile	openstack.network.v2	mutation	no	remove profile: сетевой flavor и его service profiles.	Compute Flavors относятся к Nova и не заменяют Neutron network flavors.	https://github.com/openstack/python-openstackclient/blob/7.4.0/openstackclient/network/v2/network_flavor.py#L213	https://github.com/openstack/horizon/tree/25.3.0/openstack_dashboard/enabled; https://github.com/openstack/horizon/tree/25.3.0/openstack_dashboard/dashboards; https://github.com/openstack/horizon/tree/25.3.0/openstack_dashboard/static/app/core
openstack network flavor set	openstack.network.v2	mutation	no	Изменить — Изменить: сетевой flavor и его service profiles.	Compute Flavors относятся к Nova и не заменяют Neutron network flavors.	https://github.com/openstack/python-openstackclient/blob/7.4.0/openstackclient/network/v2/network_flavor.py#L243	https://github.com/openstack/horizon/tree/25.3.0/openstack_dashboard/enabled; https://github.com/openstack/horizon/tree/25.3.0/openstack_dashboard/dashboards; https://github.com/openstack/horizon/tree/25.3.0/openstack_dashboard/static/app/core
openstack network flavor show	openstack.network.v2	read	no	Показать — Показать: сетевой flavor и его service profiles.	Compute Flavors относятся к Nova и не заменяют Neutron network flavors.	https://github.com/openstack/python-openstackclient/blob/7.4.0/openstackclient/network/v2/network_flavor.py#L287	https://github.com/openstack/horizon/tree/25.3.0/openstack_dashboard/enabled; https://github.com/openstack/horizon/tree/25.3.0/openstack_dashboard/dashboards; https://github.com/openstack/horizon/tree/25.3.0/openstack_dashboard/static/app/core
openstack network flavor profile create	openstack.network.v2	mutation	no	Создать — Создать: профиль сервисного драйвера network flavor.	Нет панели Neutron flavor profiles.	https://github.com/openstack/python-openstackclient/blob/7.4.0/openstackclient/network/v2/network_flavor_profile.py#L55	https://github.com/openstack/horizon/tree/25.3.0/openstack_dashboard/enabled; https://github.com/openstack/horizon/tree/25.3.0/openstack_dashboard/dashboards; https://github.com/openstack/horizon/tree/25.3.0/openstack_dashboard/static/app/core
openstack network flavor profile delete	openstack.network.v2	mutation	no	Удалить — Удалить: профиль сервисного драйвера network flavor.	Нет панели Neutron flavor profiles.	https://github.com/openstack/python-openstackclient/blob/7.4.0/openstackclient/network/v2/network_flavor_profile.py#L113	https://github.com/openstack/horizon/tree/25.3.0/openstack_dashboard/enabled; https://github.com/openstack/horizon/tree/25.3.0/openstack_dashboard/dashboards; https://github.com/openstack/horizon/tree/25.3.0/openstack_dashboard/static/app/core
openstack network flavor profile list	openstack.network.v2	read	no	Перечислить — Перечислить: профиль сервисного драйвера network flavor.	Нет панели Neutron flavor profiles.	https://github.com/openstack/python-openstackclient/blob/7.4.0/openstackclient/network/v2/network_flavor_profile.py#L154	https://github.com/openstack/horizon/tree/25.3.0/openstack_dashboard/enabled; https://github.com/openstack/horizon/tree/25.3.0/openstack_dashboard/dashboards; https://github.com/openstack/horizon/tree/25.3.0/openstack_dashboard/static/app/core
openstack network flavor profile set	openstack.network.v2	mutation	no	Изменить — Изменить: профиль сервисного драйвера network flavor.	Нет панели Neutron flavor profiles.	https://github.com/openstack/python-openstackclient/blob/7.4.0/openstackclient/network/v2/network_flavor_profile.py#L190	https://github.com/openstack/horizon/tree/25.3.0/openstack_dashboard/enabled; https://github.com/openstack/horizon/tree/25.3.0/openstack_dashboard/dashboards; https://github.com/openstack/horizon/tree/25.3.0/openstack_dashboard/static/app/core
openstack network flavor profile show	openstack.network.v2	read	no	Показать — Показать: профиль сервисного драйвера network flavor.	Нет панели Neutron flavor profiles.	https://github.com/openstack/python-openstackclient/blob/7.4.0/openstackclient/network/v2/network_flavor_profile.py#L246	https://github.com/openstack/horizon/tree/25.3.0/openstack_dashboard/enabled; https://github.com/openstack/horizon/tree/25.3.0/openstack_dashboard/dashboards; https://github.com/openstack/horizon/tree/25.3.0/openstack_dashboard/static/app/core
openstack network create	openstack.network.v2	mutation	yes	Создать — Create Network: обычная сеть проекта или provider/external/shared сеть через Admin.	Admin поддерживает тип, physnet и segmentation ID; UI не предоставляет все продвинутые CLI-поля, например QoS/DNS/tags.	https://github.com/openstack/python-openstackclient/blob/7.4.0/openstackclient/network/v2/network.py#L203	https://github.com/openstack/horizon/blob/25.3.0/openstack_dashboard/dashboards/admin/networks/forms.py#L92; https://github.com/openstack/horizon/blob/25.3.0/openstack_dashboard/dashboards/project/networks/workflows.py#L37
openstack network delete	openstack.network.v2	mutation	yes	Удалить — Список Networks, Network Details и Delete Networks.	Есть Project/Admin views; provider fields отображаются как атрибуты сети, а не отдельный segment CRUD.	https://github.com/openstack/python-openstackclient/blob/7.4.0/openstackclient/network/v2/network.py#L430	https://github.com/openstack/horizon/blob/25.3.0/openstack_dashboard/dashboards/project/networks/tables.py#L190; https://github.com/openstack/horizon/blob/25.3.0/openstack_dashboard/dashboards/project/networks/templates/networks/_detail_overview.html#L1
openstack network list	openstack.network.v2	read	yes	Перечислить — Список Networks, Network Details и Delete Networks.	Есть Project/Admin views; provider fields отображаются как атрибуты сети, а не отдельный segment CRUD.	https://github.com/openstack/python-openstackclient/blob/7.4.0/openstackclient/network/v2/network.py#L458	https://github.com/openstack/horizon/blob/25.3.0/openstack_dashboard/dashboards/project/networks/tables.py#L190; https://github.com/openstack/horizon/blob/25.3.0/openstack_dashboard/dashboards/project/networks/templates/networks/_detail_overview.html#L1
openstack network set	openstack.network.v2	mutation	partial	Изменить — Edit Network меняет name/admin_state/shared; Admin также external.	Нет общей формы для остальных CLI-настроек: QoS, MTU при update, DNS, provider attributes, tags и др.	https://github.com/openstack/python-openstackclient/blob/7.4.0/openstackclient/network/v2/network.py#L727	https://github.com/openstack/horizon/blob/25.3.0/openstack_dashboard/dashboards/project/networks/forms.py#L35; https://github.com/openstack/horizon/blob/25.3.0/openstack_dashboard/dashboards/admin/networks/forms.py#L337
openstack network show	openstack.network.v2	read	yes	Показать — Список Networks, Network Details и Delete Networks.	Есть Project/Admin views; provider fields отображаются как атрибуты сети, а не отдельный segment CRUD.	https://github.com/openstack/python-openstackclient/blob/7.4.0/openstackclient/network/v2/network.py#L847	https://github.com/openstack/horizon/blob/25.3.0/openstack_dashboard/dashboards/project/networks/tables.py#L190; https://github.com/openstack/horizon/blob/25.3.0/openstack_dashboard/dashboards/project/networks/templates/networks/_detail_overview.html#L1
openstack network unset	openstack.network.v2	mutation	no	Снять параметры — CLI снимает сетевые теги.	В network unset тега 7.4.0 нет снятия gateway/QoS; зарегистрирована именно очистка tags. UI управления тегами сети нет.	https://github.com/openstack/python-openstackclient/blob/7.4.0/openstackclient/network/v2/network.py#L871	https://github.com/openstack/horizon/blob/25.3.0/openstack_dashboard/dashboards/project/networks/forms.py#L35
openstack network l3 conntrack helper create	openstack.network.v2	mutation	no	Создать — Создать: L3 conntrack helper маршрутизатора.	Нет формы управления conntrack helpers.	https://github.com/openstack/python-openstackclient/blob/7.4.0/openstackclient/network/v2/l3_conntrack_helper.py#L48	https://github.com/openstack/horizon/tree/25.3.0/openstack_dashboard/enabled; https://github.com/openstack/horizon/tree/25.3.0/openstack_dashboard/dashboards; https://github.com/openstack/horizon/tree/25.3.0/openstack_dashboard/static/app/core
openstack network l3 conntrack helper delete	openstack.network.v2	mutation	no	Удалить — Удалить: L3 conntrack helper маршрутизатора.	Нет формы управления conntrack helpers.	https://github.com/openstack/python-openstackclient/blob/7.4.0/openstackclient/network/v2/l3_conntrack_helper.py#L94	https://github.com/openstack/horizon/tree/25.3.0/openstack_dashboard/enabled; https://github.com/openstack/horizon/tree/25.3.0/openstack_dashboard/dashboards; https://github.com/openstack/horizon/tree/25.3.0/openstack_dashboard/static/app/core
openstack network l3 conntrack helper list	openstack.network.v2	read	no	Перечислить — Перечислить: L3 conntrack helper маршрутизатора.	Нет формы управления conntrack helpers.	https://github.com/openstack/python-openstackclient/blob/7.4.0/openstackclient/network/v2/l3_conntrack_helper.py#L142	https://github.com/openstack/horizon/tree/25.3.0/openstack_dashboard/enabled; https://github.com/openstack/horizon/tree/25.3.0/openstack_dashboard/dashboards; https://github.com/openstack/horizon/tree/25.3.0/openstack_dashboard/static/app/core
openstack network l3 conntrack helper set	openstack.network.v2	mutation	no	Изменить — Изменить: L3 conntrack helper маршрутизатора.	Нет формы управления conntrack helpers.	https://github.com/openstack/python-openstackclient/blob/7.4.0/openstackclient/network/v2/l3_conntrack_helper.py#L205	https://github.com/openstack/horizon/tree/25.3.0/openstack_dashboard/enabled; https://github.com/openstack/horizon/tree/25.3.0/openstack_dashboard/dashboards; https://github.com/openstack/horizon/tree/25.3.0/openstack_dashboard/static/app/core
openstack network l3 conntrack helper show	openstack.network.v2	read	no	Показать — Показать: L3 conntrack helper маршрутизатора.	Нет формы управления conntrack helpers.	https://github.com/openstack/python-openstackclient/blob/7.4.0/openstackclient/network/v2/l3_conntrack_helper.py#L252	https://github.com/openstack/horizon/tree/25.3.0/openstack_dashboard/enabled; https://github.com/openstack/horizon/tree/25.3.0/openstack_dashboard/dashboards; https://github.com/openstack/horizon/tree/25.3.0/openstack_dashboard/static/app/core
openstack network meter create	openstack.network.v2	mutation	no	Создать — Создать: metering label сети.	Нет панели Neutron metering labels.	https://github.com/openstack/python-openstackclient/blob/7.4.0/openstackclient/network/v2/network_meter.py#L64	https://github.com/openstack/horizon/tree/25.3.0/openstack_dashboard/enabled; https://github.com/openstack/horizon/tree/25.3.0/openstack_dashboard/dashboards; https://github.com/openstack/horizon/tree/25.3.0/openstack_dashboard/static/app/core
openstack network meter delete	openstack.network.v2	mutation	no	Удалить — Удалить: metering label сети.	Нет панели Neutron metering labels.	https://github.com/openstack/python-openstackclient/blob/7.4.0/openstackclient/network/v2/network_meter.py#L117	https://github.com/openstack/horizon/tree/25.3.0/openstack_dashboard/enabled; https://github.com/openstack/horizon/tree/25.3.0/openstack_dashboard/dashboards; https://github.com/openstack/horizon/tree/25.3.0/openstack_dashboard/static/app/core
openstack network meter list	openstack.network.v2	read	no	Перечислить — Перечислить: metering label сети.	Нет панели Neutron metering labels.	https://github.com/openstack/python-openstackclient/blob/7.4.0/openstackclient/network/v2/network_meter.py#L154	https://github.com/openstack/horizon/tree/25.3.0/openstack_dashboard/enabled; https://github.com/openstack/horizon/tree/25.3.0/openstack_dashboard/dashboards; https://github.com/openstack/horizon/tree/25.3.0/openstack_dashboard/static/app/core
openstack network meter show	openstack.network.v2	read	no	Показать — Показать: metering label сети.	Нет панели Neutron metering labels.	https://github.com/openstack/python-openstackclient/blob/7.4.0/openstackclient/network/v2/network_meter.py#L186	https://github.com/openstack/horizon/tree/25.3.0/openstack_dashboard/enabled; https://github.com/openstack/horizon/tree/25.3.0/openstack_dashboard/dashboards; https://github.com/openstack/horizon/tree/25.3.0/openstack_dashboard/static/app/core
openstack network meter rule create	openstack.network.v2	mutation	no	Создать — Создать: правило metering label.	Нет интерфейса metering label rules.	https://github.com/openstack/python-openstackclient/blob/7.4.0/openstackclient/network/v2/network_meter_rule.py#L68	https://github.com/openstack/horizon/tree/25.3.0/openstack_dashboard/enabled; https://github.com/openstack/horizon/tree/25.3.0/openstack_dashboard/dashboards; https://github.com/openstack/horizon/tree/25.3.0/openstack_dashboard/static/app/core
openstack network meter rule delete	openstack.network.v2	mutation	no	Удалить — Удалить: правило metering label.	Нет интерфейса metering label rules.	https://github.com/openstack/python-openstackclient/blob/7.4.0/openstackclient/network/v2/network_meter_rule.py#L145	https://github.com/openstack/horizon/tree/25.3.0/openstack_dashboard/enabled; https://github.com/openstack/horizon/tree/25.3.0/openstack_dashboard/dashboards; https://github.com/openstack/horizon/tree/25.3.0/openstack_dashboard/static/app/core
openstack network meter rule list	openstack.network.v2	read	no	Перечислить — Перечислить: правило metering label.	Нет интерфейса metering label rules.	https://github.com/openstack/python-openstackclient/blob/7.4.0/openstackclient/network/v2/network_meter_rule.py#L186	https://github.com/openstack/horizon/tree/25.3.0/openstack_dashboard/enabled; https://github.com/openstack/horizon/tree/25.3.0/openstack_dashboard/dashboards; https://github.com/openstack/horizon/tree/25.3.0/openstack_dashboard/static/app/core
openstack network meter rule show	openstack.network.v2	read	no	Показать — Показать: правило metering label.	Нет интерфейса metering label rules.	https://github.com/openstack/python-openstackclient/blob/7.4.0/openstackclient/network/v2/network_meter_rule.py#L221	https://github.com/openstack/horizon/tree/25.3.0/openstack_dashboard/enabled; https://github.com/openstack/horizon/tree/25.3.0/openstack_dashboard/dashboards; https://github.com/openstack/horizon/tree/25.3.0/openstack_dashboard/static/app/core
openstack network qos policy create	openstack.network.v2	mutation	yes	Создать — Network QoS → Create Policy: name, description, shared.	Нужен extension qos; default/project и прочие CLI-поля представлены не все.	https://github.com/openstack/python-openstackclient/blob/7.4.0/openstackclient/network/v2/network_qos_policy.py#L82	https://github.com/openstack/horizon/blob/25.3.0/openstack_dashboard/static/app/core/network_qos/actions/actions.module.js#L32; https://github.com/openstack/horizon/blob/25.3.0/openstack_dashboard/static/app/core/network_qos/actions/workflow/workflow.service.js#L37
openstack network qos policy delete	openstack.network.v2	mutation	yes	Удалить — Network QoS: список, Policy Details, Delete Policy/Policies.	Нужен extension qos.	https://github.com/openstack/python-openstackclient/blob/7.4.0/openstackclient/network/v2/network_qos_policy.py#L143	https://github.com/openstack/horizon/blob/25.3.0/openstack_dashboard/static/app/core/network_qos/actions/actions.module.js#L32; https://github.com/openstack/horizon/blob/25.3.0/openstack_dashboard/static/app/core/network_qos/details/overview.html#L1
openstack network qos policy list	openstack.network.v2	read	yes	Перечислить — Network QoS: список, Policy Details, Delete Policy/Policies.	Нужен extension qos.	https://github.com/openstack/python-openstackclient/blob/7.4.0/openstackclient/network/v2/network_qos_policy.py#L184	https://github.com/openstack/horizon/blob/25.3.0/openstack_dashboard/static/app/core/network_qos/actions/actions.module.js#L32; https://github.com/openstack/horizon/blob/25.3.0/openstack_dashboard/static/app/core/network_qos/details/overview.html#L1
openstack network qos policy set	openstack.network.v2	mutation	no	Изменить — Нет Edit Policy.	Edit Rule изменяет правило политики, а не name/description/shared/default самой policy.	https://github.com/openstack/python-openstackclient/blob/7.4.0/openstackclient/network/v2/network_qos_policy.py#L243	https://github.com/openstack/horizon/blob/25.3.0/openstack_dashboard/static/app/core/network_qos/actions/actions.module.js#L32
openstack network qos policy show	openstack.network.v2	read	yes	Показать — Network QoS: список, Policy Details, Delete Policy/Policies.	Нужен extension qos.	https://github.com/openstack/python-openstackclient/blob/7.4.0/openstackclient/network/v2/network_qos_policy.py#L295	https://github.com/openstack/horizon/blob/25.3.0/openstack_dashboard/static/app/core/network_qos/actions/actions.module.js#L32; https://github.com/openstack/horizon/blob/25.3.0/openstack_dashboard/static/app/core/network_qos/details/overview.html#L1
openstack network qos rule create	openstack.network.v2	mutation	yes	Создать — Add/Edit/Delete Rule поддерживает bandwidth_limit, dscp_marking, minimum_bandwidth, minimum_packet_rate.	Нужны qos и соответствующие серверные policy/driver capabilities; статический UI-код не подтверждает runtime поддержку драйвером.	https://github.com/openstack/python-openstackclient/blob/7.4.0/openstackclient/network/v2/network_qos_rule.py#L237	https://github.com/openstack/horizon/blob/25.3.0/openstack_dashboard/static/app/core/network_qos/actions/actions.module.js#L32; https://github.com/openstack/horizon/blob/25.3.0/openstack_dashboard/static/app/core/network_qos/actions/add-rule.action.service.js#L129
openstack network qos rule delete	openstack.network.v2	mutation	yes	Удалить — Add/Edit/Delete Rule поддерживает bandwidth_limit, dscp_marking, minimum_bandwidth, minimum_packet_rate.	Нужны qos и соответствующие серверные policy/driver capabilities; статический UI-код не подтверждает runtime поддержку драйвером.	https://github.com/openstack/python-openstackclient/blob/7.4.0/openstackclient/network/v2/network_qos_rule.py#L285	https://github.com/openstack/horizon/blob/25.3.0/openstack_dashboard/static/app/core/network_qos/actions/actions.module.js#L32; https://github.com/openstack/horizon/blob/25.3.0/openstack_dashboard/static/app/core/network_qos/actions/delete-rule.action.service.js#L85
openstack network qos rule list	openstack.network.v2	read	yes	Перечислить — Правила и их параметры отображаются в Policy Details, по типам.	Просмотр встроен в карточку политики, отдельная навигационная панель правил не требуется.	https://github.com/openstack/python-openstackclient/blob/7.4.0/openstackclient/network/v2/network_qos_rule.py#L322	https://github.com/openstack/horizon/blob/25.3.0/openstack_dashboard/static/app/core/network_qos/details/overview.html#L24
openstack network qos rule set	openstack.network.v2	mutation	yes	Изменить — Add/Edit/Delete Rule поддерживает bandwidth_limit, dscp_marking, minimum_bandwidth, minimum_packet_rate.	Нужны qos и соответствующие серверные policy/driver capabilities; статический UI-код не подтверждает runtime поддержку драйвером.	https://github.com/openstack/python-openstackclient/blob/7.4.0/openstackclient/network/v2/network_qos_rule.py#L368	https://github.com/openstack/horizon/blob/25.3.0/openstack_dashboard/static/app/core/network_qos/actions/actions.module.js#L32; https://github.com/openstack/horizon/blob/25.3.0/openstack_dashboard/static/app/core/network_qos/actions/edit-rule.action.service.js#L135
openstack network qos rule show	openstack.network.v2	read	yes	Показать — Правила и их параметры отображаются в Policy Details, по типам.	Просмотр встроен в карточку политики, отдельная навигационная панель правил не требуется.	https://github.com/openstack/python-openstackclient/blob/7.4.0/openstackclient/network/v2/network_qos_rule.py#L414	https://github.com/openstack/horizon/blob/25.3.0/openstack_dashboard/static/app/core/network_qos/details/overview.html#L24
openstack network qos rule type list	openstack.network.v2	read	no	Перечислить — Перечислить: тип правил QoS и возможности драйверов.	UI содержит фиксированный список четырех типов для создания правил; не вызывает справочник API rule_types и не показывает driver capabilities.	https://github.com/openstack/python-openstackclient/blob/7.4.0/openstackclient/network/v2/network_qos_rule_type.py#L33	https://github.com/openstack/horizon/tree/25.3.0/openstack_dashboard/enabled; https://github.com/openstack/horizon/tree/25.3.0/openstack_dashboard/dashboards; https://github.com/openstack/horizon/tree/25.3.0/openstack_dashboard/static/app/core
openstack network qos rule type show	openstack.network.v2	read	no	Показать — Показать: тип правил QoS и возможности драйверов.	UI содержит фиксированный список четырех типов для создания правил; не вызывает справочник API rule_types и не показывает driver capabilities.	https://github.com/openstack/python-openstackclient/blob/7.4.0/openstackclient/network/v2/network_qos_rule_type.py#L82	https://github.com/openstack/horizon/tree/25.3.0/openstack_dashboard/enabled; https://github.com/openstack/horizon/tree/25.3.0/openstack_dashboard/dashboards; https://github.com/openstack/horizon/tree/25.3.0/openstack_dashboard/static/app/core
openstack network rbac create	openstack.network.v2	mutation	partial	Создать — Admin → RBAC Policies → Create: share/external network либо shared qos_policy целевому проекту или *.	CLI также поддерживает address_group, address_scope, subnetpool, security_group; их нет среди трех вариантов формы. Нужны enable_rbac_policy и rbac-policies.	https://github.com/openstack/python-openstackclient/blob/7.4.0/openstackclient/network/v2/network_rbac.py#L95	https://github.com/openstack/horizon/blob/25.3.0/openstack_dashboard/dashboards/admin/rbac_policies/forms.py#L30; https://github.com/openstack/horizon/blob/25.3.0/openstack_dashboard/dashboards/admin/rbac_policies/tables.py#L24
openstack network rbac delete	openstack.network.v2	mutation	yes	Удалить — RBAC Policies: список, Details, Delete.	Нужны enable_rbac_policy (по умолчанию True), rbac-policies и админский доступ.	https://github.com/openstack/python-openstackclient/blob/7.4.0/openstackclient/network/v2/network_rbac.py#L181	https://github.com/openstack/horizon/blob/25.3.0/openstack_dashboard/dashboards/admin/rbac_policies/tables.py#L24; https://github.com/openstack/horizon/blob/25.3.0/openstack_dashboard/dashboards/admin/rbac_policies/tabs.py#L25
openstack network rbac list	openstack.network.v2	read	yes	Перечислить — RBAC Policies: список, Details, Delete.	Нужны enable_rbac_policy (по умолчанию True), rbac-policies и админский доступ.	https://github.com/openstack/python-openstackclient/blob/7.4.0/openstackclient/network/v2/network_rbac.py#L220	https://github.com/openstack/horizon/blob/25.3.0/openstack_dashboard/dashboards/admin/rbac_policies/tables.py#L24; https://github.com/openstack/horizon/blob/25.3.0/openstack_dashboard/dashboards/admin/rbac_policies/tabs.py#L25
openstack network rbac set	openstack.network.v2	mutation	yes	Изменить — Update RBAC Policy меняет target project, включая *.	Основной параметр CLI set представлен; отсутствует создание иных object types через форму.	https://github.com/openstack/python-openstackclient/blob/7.4.0/openstackclient/network/v2/network_rbac.py#L314	https://github.com/openstack/horizon/blob/25.3.0/openstack_dashboard/dashboards/admin/rbac_policies/forms.py#L159; https://github.com/openstack/horizon/blob/25.3.0/openstack_dashboard/dashboards/admin/rbac_policies/tables.py#L24
openstack network rbac show	openstack.network.v2	read	yes	Показать — RBAC Policies: список, Details, Delete.	Нужны enable_rbac_policy (по умолчанию True), rbac-policies и админский доступ.	https://github.com/openstack/python-openstackclient/blob/7.4.0/openstackclient/network/v2/network_rbac.py#L363	https://github.com/openstack/horizon/blob/25.3.0/openstack_dashboard/dashboards/admin/rbac_policies/tables.py#L24; https://github.com/openstack/horizon/blob/25.3.0/openstack_dashboard/dashboards/admin/rbac_policies/tabs.py#L25
openstack network segment create	openstack.network.v2	mutation	no	Создать — Создать: отдельный сегмент сети Neutron.	Provider network type/segmentation ID в Network не являются CRUD отдельного ресурса segment.	https://github.com/openstack/python-openstackclient/blob/7.4.0/openstackclient/network/v2/network_segment.py#L36	https://github.com/openstack/horizon/tree/25.3.0/openstack_dashboard/enabled; https://github.com/openstack/horizon/tree/25.3.0/openstack_dashboard/dashboards; https://github.com/openstack/horizon/tree/25.3.0/openstack_dashboard/static/app/core
openstack network segment delete	openstack.network.v2	mutation	no	Удалить — Удалить: отдельный сегмент сети Neutron.	Provider network type/segmentation ID в Network не являются CRUD отдельного ресурса segment.	https://github.com/openstack/python-openstackclient/blob/7.4.0/openstackclient/network/v2/network_segment.py#L108	https://github.com/openstack/horizon/tree/25.3.0/openstack_dashboard/enabled; https://github.com/openstack/horizon/tree/25.3.0/openstack_dashboard/dashboards; https://github.com/openstack/horizon/tree/25.3.0/openstack_dashboard/static/app/core
openstack network segment list	openstack.network.v2	read	no	Перечислить — Перечислить: отдельный сегмент сети Neutron.	Provider network type/segmentation ID в Network не являются CRUD отдельного ресурса segment.	https://github.com/openstack/python-openstackclient/blob/7.4.0/openstackclient/network/v2/network_segment.py#L149	https://github.com/openstack/horizon/tree/25.3.0/openstack_dashboard/enabled; https://github.com/openstack/horizon/tree/25.3.0/openstack_dashboard/dashboards; https://github.com/openstack/horizon/tree/25.3.0/openstack_dashboard/static/app/core
openstack network segment set	openstack.network.v2	mutation	no	Изменить — Изменить: отдельный сегмент сети Neutron.	Provider network type/segmentation ID в Network не являются CRUD отдельного ресурса segment.	https://github.com/openstack/python-openstackclient/blob/7.4.0/openstackclient/network/v2/network_segment.py#L212	https://github.com/openstack/horizon/tree/25.3.0/openstack_dashboard/enabled; https://github.com/openstack/horizon/tree/25.3.0/openstack_dashboard/dashboards; https://github.com/openstack/horizon/tree/25.3.0/openstack_dashboard/static/app/core
openstack network segment show	openstack.network.v2	read	no	Показать — Показать: отдельный сегмент сети Neutron.	Provider network type/segmentation ID в Network не являются CRUD отдельного ресурса segment.	https://github.com/openstack/python-openstackclient/blob/7.4.0/openstackclient/network/v2/network_segment.py#L250	https://github.com/openstack/horizon/tree/25.3.0/openstack_dashboard/enabled; https://github.com/openstack/horizon/tree/25.3.0/openstack_dashboard/dashboards; https://github.com/openstack/horizon/tree/25.3.0/openstack_dashboard/static/app/core
openstack network segment range create	openstack.network.v2	mutation	no	Создать — Создать: диапазон выделения сегментов сети.	Нет панели network segment ranges; поле segmentation ID сети не заменяет range.	https://github.com/openstack/python-openstackclient/blob/7.4.0/openstackclient/network/v2/network_segment_range.py#L95	https://github.com/openstack/horizon/tree/25.3.0/openstack_dashboard/enabled; https://github.com/openstack/horizon/tree/25.3.0/openstack_dashboard/dashboards; https://github.com/openstack/horizon/tree/25.3.0/openstack_dashboard/static/app/core
openstack network segment range delete	openstack.network.v2	mutation	no	Удалить — Удалить: диапазон выделения сегментов сети.	Нет панели network segment ranges; поле segmentation ID сети не заменяет range.	https://github.com/openstack/python-openstackclient/blob/7.4.0/openstackclient/network/v2/network_segment_range.py#L253	https://github.com/openstack/horizon/tree/25.3.0/openstack_dashboard/enabled; https://github.com/openstack/horizon/tree/25.3.0/openstack_dashboard/dashboards; https://github.com/openstack/horizon/tree/25.3.0/openstack_dashboard/static/app/core
openstack network segment range list	openstack.network.v2	read	no	Перечислить — Перечислить: диапазон выделения сегментов сети.	Нет панели network segment ranges; поле segmentation ID сети не заменяет range.	https://github.com/openstack/python-openstackclient/blob/7.4.0/openstackclient/network/v2/network_segment_range.py#L306	https://github.com/openstack/horizon/tree/25.3.0/openstack_dashboard/enabled; https://github.com/openstack/horizon/tree/25.3.0/openstack_dashboard/dashboards; https://github.com/openstack/horizon/tree/25.3.0/openstack_dashboard/static/app/core
openstack network segment range set	openstack.network.v2	mutation	no	Изменить — Изменить: диапазон выделения сегментов сети.	Нет панели network segment ranges; поле segmentation ID сети не заменяет range.	https://github.com/openstack/python-openstackclient/blob/7.4.0/openstackclient/network/v2/network_segment_range.py#L422	https://github.com/openstack/horizon/tree/25.3.0/openstack_dashboard/enabled; https://github.com/openstack/horizon/tree/25.3.0/openstack_dashboard/dashboards; https://github.com/openstack/horizon/tree/25.3.0/openstack_dashboard/static/app/core
openstack network segment range show	openstack.network.v2	read	no	Показать — Показать: диапазон выделения сегментов сети.	Нет панели network segment ranges; поле segmentation ID сети не заменяет range.	https://github.com/openstack/python-openstackclient/blob/7.4.0/openstackclient/network/v2/network_segment_range.py#L487	https://github.com/openstack/horizon/tree/25.3.0/openstack_dashboard/enabled; https://github.com/openstack/horizon/tree/25.3.0/openstack_dashboard/dashboards; https://github.com/openstack/horizon/tree/25.3.0/openstack_dashboard/static/app/core
openstack network service provider list	openstack.network.v2	read	no	Перечислить — Перечислить: провайдер сетевого сервиса.	Нет таблицы Neutron service providers; список provider network types в форме создания сети — другой объект.	https://github.com/openstack/python-openstackclient/blob/7.4.0/openstackclient/network/v2/network_service_provider.py#L22	https://github.com/openstack/horizon/tree/25.3.0/openstack_dashboard/enabled; https://github.com/openstack/horizon/tree/25.3.0/openstack_dashboard/dashboards; https://github.com/openstack/horizon/tree/25.3.0/openstack_dashboard/static/app/core
openstack network subport list	openstack.network.v2	read	yes	Перечислить — Subports перечислены в деталях trunk.	Список вложен в trunk; нужен extension trunk.	https://github.com/openstack/python-openstackclient/blob/7.4.0/openstackclient/network/v2/network_trunk.py#L263	https://github.com/openstack/horizon/blob/25.3.0/openstack_dashboard/static/app/core/trunks/details/overview.html#L1
openstack network trunk create	openstack.network.v2	mutation	yes	Создать — Trunks: Create/Delete, список, Details, parent port и subports.	Нужен extension trunk; project/admin scope и права остаются ограничением.	https://github.com/openstack/python-openstackclient/blob/7.4.0/openstackclient/network/v2/network_trunk.py#L43	https://github.com/openstack/horizon/blob/25.3.0/openstack_dashboard/static/app/core/trunks/actions/actions.module.js#L45; https://github.com/openstack/horizon/blob/25.3.0/openstack_dashboard/static/app/core/trunks/details/overview.html#L1
openstack network trunk delete	openstack.network.v2	mutation	yes	Удалить — Trunks: Create/Delete, список, Details, parent port и subports.	Нужен extension trunk; project/admin scope и права остаются ограничением.	https://github.com/openstack/python-openstackclient/blob/7.4.0/openstackclient/network/v2/network_trunk.py#L100	https://github.com/openstack/horizon/blob/25.3.0/openstack_dashboard/static/app/core/trunks/actions/actions.module.js#L45; https://github.com/openstack/horizon/blob/25.3.0/openstack_dashboard/static/app/core/trunks/details/overview.html#L1
openstack network trunk list	openstack.network.v2	read	yes	Перечислить — Trunks: Create/Delete, список, Details, parent port и subports.	Нужен extension trunk; project/admin scope и права остаются ограничением.	https://github.com/openstack/python-openstackclient/blob/7.4.0/openstackclient/network/v2/network_trunk.py#L138	https://github.com/openstack/horizon/blob/25.3.0/openstack_dashboard/static/app/core/trunks/actions/actions.module.js#L45; https://github.com/openstack/horizon/blob/25.3.0/openstack_dashboard/static/app/core/trunks/details/overview.html#L1
openstack network trunk set	openstack.network.v2	mutation	yes	Изменить — Edit Trunk: name, description, admin state, добавление/изменение subports.	Parent port существующего trunk не заменяется этой формой; UI diff отправляет update + remove/add subports.	https://github.com/openstack/python-openstackclient/blob/7.4.0/openstackclient/network/v2/network_trunk.py#L177	https://github.com/openstack/horizon/blob/25.3.0/openstack_dashboard/static/app/core/trunks/actions/actions.module.js#L45; https://github.com/openstack/horizon/blob/25.3.0/openstack_dashboard/api/neutron.py#L1126
openstack network trunk show	openstack.network.v2	read	yes	Показать — Trunks: Create/Delete, список, Details, parent port и subports.	Нужен extension trunk; project/admin scope и права остаются ограничением.	https://github.com/openstack/python-openstackclient/blob/7.4.0/openstackclient/network/v2/network_trunk.py#L242	https://github.com/openstack/horizon/blob/25.3.0/openstack_dashboard/static/app/core/trunks/actions/actions.module.js#L45; https://github.com/openstack/horizon/blob/25.3.0/openstack_dashboard/static/app/core/trunks/details/overview.html#L1
openstack network trunk unset	openstack.network.v2	mutation	yes	Снять параметры — Edit Trunk снимает выбранные subports.	Именно удаление subports является назначением CLI unset в этом теге.	https://github.com/openstack/python-openstackclient/blob/7.4.0/openstackclient/network/v2/network_trunk.py#L294	https://github.com/openstack/horizon/blob/25.3.0/openstack_dashboard/static/app/core/trunks/actions/actions.module.js#L45; https://github.com/openstack/horizon/blob/25.3.0/openstack_dashboard/api/neutron.py#L1153
openstack port create	openstack.network.v2	mutation	yes	Создать — Create Port у сети: fixed IP/subnet, MAC, device, vNIC, port security и security groups.	CLI содержит дополнительные поля (QoS, binding profile/host, extra DHCP, NUMA, hardware offload); полной эквивалентности флагов нет.	https://github.com/openstack/python-openstackclient/blob/7.4.0/openstackclient/network/v2/port.py#L487	https://github.com/openstack/horizon/blob/25.3.0/openstack_dashboard/dashboards/project/networks/ports/workflows.py#L57; https://github.com/openstack/horizon/blob/25.3.0/openstack_dashboard/dashboards/project/networks/ports/tables.py#L137
openstack port delete	openstack.network.v2	mutation	yes	Удалить — Ports в деталях сети; Port Details, Delete Port.	Список вложен в Network; административный вариант может видеть порты других проектов.	https://github.com/openstack/python-openstackclient/blob/7.4.0/openstackclient/network/v2/port.py#L723	https://github.com/openstack/horizon/blob/25.3.0/openstack_dashboard/dashboards/project/networks/ports/tables.py#L137; https://github.com/openstack/horizon/blob/25.3.0/openstack_dashboard/dashboards/project/networks/ports/views.py#L70
openstack port list	openstack.network.v2	read	yes	Перечислить — Ports в деталях сети; Port Details, Delete Port.	Список вложен в Network; административный вариант может видеть порты других проектов.	https://github.com/openstack/python-openstackclient/blob/7.4.0/openstackclient/network/v2/port.py#L765	https://github.com/openstack/horizon/blob/25.3.0/openstack_dashboard/dashboards/project/networks/ports/tables.py#L137; https://github.com/openstack/horizon/blob/25.3.0/openstack_dashboard/dashboards/project/networks/ports/views.py#L70
openstack port set	openstack.network.v2	mutation	partial	Изменить — Edit Port меняет name/admin state/vNIC/port security/security groups; Allowed Address Pairs добавляются в деталях.	Нет общего редактора CLI-свойств порта: fixed IP при update, QoS, binding profile/host, DNS, extra DHCP, NUMA и др.	https://github.com/openstack/python-openstackclient/blob/7.4.0/openstackclient/network/v2/port.py#L965	https://github.com/openstack/horizon/blob/25.3.0/openstack_dashboard/dashboards/project/networks/ports/workflows.py#L303; https://github.com/openstack/horizon/blob/25.3.0/openstack_dashboard/dashboards/project/networks/ports/extensions/allowed_address_pairs/tables.py#L31
openstack port show	openstack.network.v2	read	yes	Показать — Ports в деталях сети; Port Details, Delete Port.	Список вложен в Network; административный вариант может видеть порты других проектов.	https://github.com/openstack/python-openstackclient/blob/7.4.0/openstackclient/network/v2/port.py#L1221	https://github.com/openstack/horizon/blob/25.3.0/openstack_dashboard/dashboards/project/networks/ports/tables.py#L137; https://github.com/openstack/horizon/blob/25.3.0/openstack_dashboard/dashboards/project/networks/ports/views.py#L70
openstack port unset	openstack.network.v2	mutation	partial	Снять параметры — Можно снять security groups и удалить allowed address pairs.	Снятие binding profile, QoS, fixed IP, NUMA, host и hints не представлено.	https://github.com/openstack/python-openstackclient/blob/7.4.0/openstackclient/network/v2/port.py#L1241	https://github.com/openstack/horizon/blob/25.3.0/openstack_dashboard/dashboards/project/networks/ports/workflows.py#L373; https://github.com/openstack/horizon/blob/25.3.0/openstack_dashboard/dashboards/project/networks/ports/extensions/allowed_address_pairs/tables.py#L55
openstack router add gateway	openstack.network.v2	mutation	no	Нет UI управления несколькими external gateways.	CLI add/remove gateway требует external-gateway-multihoming. Обычные Set/Clear Gateway в UI соответствуют части router set/unset и не заменяют эти команды.	https://github.com/openstack/python-openstackclient/blob/7.4.0/openstackclient/network/v2/router.py#L1248	https://github.com/openstack/horizon/blob/25.3.0/openstack_dashboard/dashboards/project/routers/ports/forms.py#L147; https://github.com/openstack/horizon/blob/25.3.0/openstack_dashboard/dashboards/project/routers/tables.py#L110
openstack router add port	openstack.network.v2	mutation	no	Нет выбора существующего port для подключения к router.	Add Interface выбирает subnet и optional IP; вариант _add_interface_by_port создает новый порт, а не выбирает уже существующий CLI port.	https://github.com/openstack/python-openstackclient/blob/7.4.0/openstackclient/network/v2/router.py#L310	https://github.com/openstack/horizon/blob/25.3.0/openstack_dashboard/dashboards/project/routers/ports/forms.py#L28; https://github.com/openstack/horizon/blob/25.3.0/openstack_dashboard/dashboards/project/routers/ports/forms.py#L107
openstack router add route	openstack.network.v2	mutation	yes	Static Routes в деталях router: Add Static Route / Delete Static Routes.	Нужен extraroute; UI работает через таблицу маршрутов, а не обещает одинаковую атомарность всех CLI-вариантов.	https://github.com/openstack/python-openstackclient/blob/7.4.0/openstackclient/network/v2/router.py#L360	https://github.com/openstack/horizon/blob/25.3.0/openstack_dashboard/dashboards/project/routers/extensions/extraroutes/tables.py#L26
openstack router add subnet	openstack.network.v2	mutation	yes	Router → Interfaces → Add Interface по subnet, optional IP.	При явном IP UI создает новый port и подключает его.	https://github.com/openstack/python-openstackclient/blob/7.4.0/openstackclient/network/v2/router.py#L334	https://github.com/openstack/horizon/blob/25.3.0/openstack_dashboard/dashboards/project/routers/ports/forms.py#L28; https://github.com/openstack/horizon/blob/25.3.0/openstack_dashboard/dashboards/project/routers/ports/tables.py#L39
openstack router create	openstack.network.v2	mutation	yes	Создать — Create Router: name, admin state, external network/SNAT, DVR/HA/AZ при доступности.	Flavor, NDP, QoS и другие расширенные CLI-поля не все представлены.	https://github.com/openstack/python-openstackclient/blob/7.4.0/openstackclient/network/v2/router.py#L462	https://github.com/openstack/horizon/blob/25.3.0/openstack_dashboard/dashboards/project/routers/forms.py#L34; https://github.com/openstack/horizon/blob/25.3.0/openstack_dashboard/dashboards/project/routers/tables.py#L257
openstack router delete	openstack.network.v2	mutation	yes	Удалить — Routers: список, Router Details, Delete Router.	Удаление UI предварительно снимает интерфейсы; это отличается от прямого запроса delete API.	https://github.com/openstack/python-openstackclient/blob/7.4.0/openstackclient/network/v2/router.py#L641	https://github.com/openstack/horizon/blob/25.3.0/openstack_dashboard/dashboards/project/routers/tables.py#L257; https://github.com/openstack/horizon/blob/25.3.0/openstack_dashboard/dashboards/project/routers/tables.py#L36
openstack router list	openstack.network.v2	read	yes	Перечислить — Routers: список, Router Details, Delete Router.	Удаление UI предварительно снимает интерфейсы; это отличается от прямого запроса delete API.	https://github.com/openstack/python-openstackclient/blob/7.4.0/openstackclient/network/v2/router.py#L683	https://github.com/openstack/horizon/blob/25.3.0/openstack_dashboard/dashboards/project/routers/tables.py#L257; https://github.com/openstack/horizon/blob/25.3.0/openstack_dashboard/dashboards/project/routers/tables.py#L36
openstack router remove gateway	openstack.network.v2	mutation	no	Нет UI управления несколькими external gateways.	CLI add/remove gateway требует external-gateway-multihoming. Обычные Set/Clear Gateway в UI соответствуют части router set/unset и не заменяют эти команды.	https://github.com/openstack/python-openstackclient/blob/7.4.0/openstackclient/network/v2/router.py#L1316	https://github.com/openstack/horizon/blob/25.3.0/openstack_dashboard/dashboards/project/routers/ports/forms.py#L147; https://github.com/openstack/horizon/blob/25.3.0/openstack_dashboard/dashboards/project/routers/tables.py#L110
openstack router remove port	openstack.network.v2	mutation	yes	Remove Interface у выбранного router port.	Для gateway-порта UI вызывает удаление gateway; обычный интерфейс удаляется по port_id.	https://github.com/openstack/python-openstackclient/blob/7.4.0/openstackclient/network/v2/router.py#L827	https://github.com/openstack/horizon/blob/25.3.0/openstack_dashboard/dashboards/project/routers/ports/tables.py#L52
openstack router remove route	openstack.network.v2	mutation	yes	Static Routes в деталях router: Add Static Route / Delete Static Routes.	Нужен extraroute; UI работает через таблицу маршрутов, а не обещает одинаковую атомарность всех CLI-вариантов.	https://github.com/openstack/python-openstackclient/blob/7.4.0/openstackclient/network/v2/router.py#L409	https://github.com/openstack/horizon/blob/25.3.0/openstack_dashboard/dashboards/project/routers/extensions/extraroutes/tables.py#L26
openstack router remove subnet	openstack.network.v2	mutation	partial	Remove Interface удаляет интерфейс, соответствующий подсети.	UI удаляет по port_id; выбор одной subnet из общего интерфейса нескольких IPv6 subnet не представлен.	https://github.com/openstack/python-openstackclient/blob/7.4.0/openstackclient/network/v2/router.py#L853	https://github.com/openstack/horizon/blob/25.3.0/openstack_dashboard/dashboards/project/routers/ports/tables.py#L81
openstack router set	openstack.network.v2	mutation	partial	Изменить — Edit Router: name/admin state/DVR; Set Gateway задает внешнюю сеть/SNAT; отдельные действия меняют routes.	HA update намеренно скрыт; нет общей формы multihoming, QoS, NDP, ECMP/BFD и остальных расширенных параметров.	https://github.com/openstack/python-openstackclient/blob/7.4.0/openstackclient/network/v2/router.py#L883	https://github.com/openstack/horizon/blob/25.3.0/openstack_dashboard/dashboards/project/routers/forms.py#L159; https://github.com/openstack/horizon/blob/25.3.0/openstack_dashboard/dashboards/project/routers/ports/forms.py#L147
openstack router show	openstack.network.v2	read	yes	Показать — Routers: список, Router Details, Delete Router.	Удаление UI предварительно снимает интерфейсы; это отличается от прямого запроса delete API.	https://github.com/openstack/python-openstackclient/blob/7.4.0/openstackclient/network/v2/router.py#L1117	https://github.com/openstack/horizon/blob/25.3.0/openstack_dashboard/dashboards/project/routers/tables.py#L257; https://github.com/openstack/horizon/blob/25.3.0/openstack_dashboard/dashboards/project/routers/tables.py#L36
openstack router unset	openstack.network.v2	mutation	partial	Снять параметры — Clear Gateway и удаление Static Routes.	Нет снятия QoS policy/тегов и управления выборочными multihomed gateways.	https://github.com/openstack/python-openstackclient/blob/7.4.0/openstackclient/network/v2/router.py#L1153	https://github.com/openstack/horizon/blob/25.3.0/openstack_dashboard/dashboards/project/routers/tables.py#L124; https://github.com/openstack/horizon/blob/25.3.0/openstack_dashboard/dashboards/project/routers/extensions/extraroutes/tables.py#L39
openstack router ndp proxy create	openstack.network.v2	mutation	no	Создать — Создать: NDP proxy маршрутизатора.	Нет панели и формы NDP proxies.	https://github.com/openstack/python-openstackclient/blob/7.4.0/openstackclient/network/v2/ndp_proxy.py#L39	https://github.com/openstack/horizon/tree/25.3.0/openstack_dashboard/enabled; https://github.com/openstack/horizon/tree/25.3.0/openstack_dashboard/dashboards; https://github.com/openstack/horizon/tree/25.3.0/openstack_dashboard/static/app/core
openstack router ndp proxy delete	openstack.network.v2	mutation	no	Удалить — Удалить: NDP proxy маршрутизатора.	Нет панели и формы NDP proxies.	https://github.com/openstack/python-openstackclient/blob/7.4.0/openstackclient/network/v2/ndp_proxy.py#L103	https://github.com/openstack/horizon/tree/25.3.0/openstack_dashboard/enabled; https://github.com/openstack/horizon/tree/25.3.0/openstack_dashboard/dashboards; https://github.com/openstack/horizon/tree/25.3.0/openstack_dashboard/static/app/core
openstack router ndp proxy list	openstack.network.v2	read	no	Перечислить — Перечислить: NDP proxy маршрутизатора.	Нет панели и формы NDP proxies.	https://github.com/openstack/python-openstackclient/blob/7.4.0/openstackclient/network/v2/ndp_proxy.py#L138	https://github.com/openstack/horizon/tree/25.3.0/openstack_dashboard/enabled; https://github.com/openstack/horizon/tree/25.3.0/openstack_dashboard/dashboards; https://github.com/openstack/horizon/tree/25.3.0/openstack_dashboard/static/app/core
openstack router ndp proxy set	openstack.network.v2	mutation	no	Изменить — Изменить: NDP proxy маршрутизатора.	Нет панели и формы NDP proxies.	https://github.com/openstack/python-openstackclient/blob/7.4.0/openstackclient/network/v2/ndp_proxy.py#L233	https://github.com/openstack/horizon/tree/25.3.0/openstack_dashboard/enabled; https://github.com/openstack/horizon/tree/25.3.0/openstack_dashboard/dashboards; https://github.com/openstack/horizon/tree/25.3.0/openstack_dashboard/static/app/core
openstack router ndp proxy show	openstack.network.v2	read	no	Показать — Показать: NDP proxy маршрутизатора.	Нет панели и формы NDP proxies.	https://github.com/openstack/python-openstackclient/blob/7.4.0/openstackclient/network/v2/ndp_proxy.py#L270	https://github.com/openstack/horizon/tree/25.3.0/openstack_dashboard/enabled; https://github.com/openstack/horizon/tree/25.3.0/openstack_dashboard/dashboards; https://github.com/openstack/horizon/tree/25.3.0/openstack_dashboard/static/app/core
openstack security group create	openstack.network.v2	mutation	partial	Создать — Create/Edit Security Group: name и description.	Нет выбора stateful/stateless и управления tags; создание для произвольного проекта не представлено формой проекта.	https://github.com/openstack/python-openstackclient/blob/7.4.0/openstackclient/network/v2/security_group.py#L102	https://github.com/openstack/horizon/blob/25.3.0/openstack_dashboard/dashboards/project/security_groups/forms.py#L36; https://github.com/openstack/horizon/blob/25.3.0/openstack_dashboard/dashboards/project/security_groups/tables.py#L113
openstack security group delete	openstack.network.v2	mutation	yes	Удалить — Security Groups: список, Manage Rules/детали, Delete.	Детали ориентированы на правила; полный JSON API не воспроизводится.	https://github.com/openstack/python-openstackclient/blob/7.4.0/openstackclient/network/v2/security_group.py#L196	https://github.com/openstack/horizon/blob/25.3.0/openstack_dashboard/dashboards/project/security_groups/tables.py#L113; https://github.com/openstack/horizon/blob/25.3.0/openstack_dashboard/dashboards/project/security_groups/views.py#L40
openstack security group list	openstack.network.v2	read	yes	Перечислить — Security Groups: список, Manage Rules/детали, Delete.	Детали ориентированы на правила; полный JSON API не воспроизводится.	https://github.com/openstack/python-openstackclient/blob/7.4.0/openstackclient/network/v2/security_group.py#L223	https://github.com/openstack/horizon/blob/25.3.0/openstack_dashboard/dashboards/project/security_groups/tables.py#L113; https://github.com/openstack/horizon/blob/25.3.0/openstack_dashboard/dashboards/project/security_groups/views.py#L40
openstack security group set	openstack.network.v2	mutation	partial	Изменить — Create/Edit Security Group: name и description.	Нет выбора stateful/stateless и управления tags; создание для произвольного проекта не представлено формой проекта.	https://github.com/openstack/python-openstackclient/blob/7.4.0/openstackclient/network/v2/security_group.py#L324	https://github.com/openstack/horizon/blob/25.3.0/openstack_dashboard/dashboards/project/security_groups/forms.py#L36; https://github.com/openstack/horizon/blob/25.3.0/openstack_dashboard/dashboards/project/security_groups/tables.py#L113
openstack security group show	openstack.network.v2	read	yes	Показать — Security Groups: список, Manage Rules/детали, Delete.	Детали ориентированы на правила; полный JSON API не воспроизводится.	https://github.com/openstack/python-openstackclient/blob/7.4.0/openstackclient/network/v2/security_group.py#L407	https://github.com/openstack/horizon/blob/25.3.0/openstack_dashboard/dashboards/project/security_groups/tables.py#L113; https://github.com/openstack/horizon/blob/25.3.0/openstack_dashboard/dashboards/project/security_groups/views.py#L40
openstack security group unset	openstack.network.v2	mutation	no	Снять параметры — CLI снимает tags security group.	UI name/description не является редактором tags; действия снятия тегов нет.	https://github.com/openstack/python-openstackclient/blob/7.4.0/openstackclient/network/v2/security_group.py#L437	https://github.com/openstack/horizon/blob/25.3.0/openstack_dashboard/dashboards/project/security_groups/forms.py#L36
openstack security group rule create	openstack.network.v2	mutation	partial	Создать — Add Rule: protocol/ports/ICMP, direction, ethertype, CIDR или remote security group.	Нет remote address group, которая доступна CLI; это существенный отдельный вид remote.	https://github.com/openstack/python-openstackclient/blob/7.4.0/openstackclient/network/v2/security_group_rule.py#L42	https://github.com/openstack/horizon/blob/25.3.0/openstack_dashboard/dashboards/project/security_groups/forms.py#L97
openstack security group rule delete	openstack.network.v2	mutation	yes	Удалить — Manage Rules: список и параметры правил; Delete Rule.	Просмотр конкретного правила обеспечивается строкой таблицы; remote address group не создается UI.	https://github.com/openstack/python-openstackclient/blob/7.4.0/openstackclient/network/v2/security_group_rule.py#L327	https://github.com/openstack/horizon/blob/25.3.0/openstack_dashboard/dashboards/project/security_groups/tables.py#L143; https://github.com/openstack/horizon/blob/25.3.0/openstack_dashboard/dashboards/project/security_groups/tables.py#L247
openstack security group rule list	openstack.network.v2	read	yes	Перечислить — Manage Rules: список и параметры правил; Delete Rule.	Просмотр конкретного правила обеспечивается строкой таблицы; remote address group не создается UI.	https://github.com/openstack/python-openstackclient/blob/7.4.0/openstackclient/network/v2/security_group_rule.py#L351	https://github.com/openstack/horizon/blob/25.3.0/openstack_dashboard/dashboards/project/security_groups/tables.py#L143; https://github.com/openstack/horizon/blob/25.3.0/openstack_dashboard/dashboards/project/security_groups/tables.py#L247
openstack security group rule show	openstack.network.v2	read	yes	Показать — Manage Rules: список и параметры правил; Delete Rule.	Просмотр конкретного правила обеспечивается строкой таблицы; remote address group не создается UI.	https://github.com/openstack/python-openstackclient/blob/7.4.0/openstackclient/network/v2/security_group_rule.py#L571	https://github.com/openstack/horizon/blob/25.3.0/openstack_dashboard/dashboards/project/security_groups/tables.py#L143; https://github.com/openstack/horizon/blob/25.3.0/openstack_dashboard/dashboards/project/security_groups/tables.py#L247
openstack default security group rule create	openstack.network.v2	mutation	no	Создать — Создать: шаблон default security group rule.	Редактирование обычной security group с именем default не управляет этим API-ресурсом.	https://github.com/openstack/python-openstackclient/blob/7.4.0/openstackclient/network/v2/default_security_group_rule.py#L38	https://github.com/openstack/horizon/tree/25.3.0/openstack_dashboard/enabled; https://github.com/openstack/horizon/tree/25.3.0/openstack_dashboard/dashboards; https://github.com/openstack/horizon/tree/25.3.0/openstack_dashboard/static/app/core
openstack default security group rule delete	openstack.network.v2	mutation	no	Удалить — Удалить: шаблон default security group rule.	Редактирование обычной security group с именем default не управляет этим API-ресурсом.	https://github.com/openstack/python-openstackclient/blob/7.4.0/openstackclient/network/v2/default_security_group_rule.py#L232	https://github.com/openstack/horizon/tree/25.3.0/openstack_dashboard/enabled; https://github.com/openstack/horizon/tree/25.3.0/openstack_dashboard/dashboards; https://github.com/openstack/horizon/tree/25.3.0/openstack_dashboard/static/app/core
openstack default security group rule list	openstack.network.v2	read	no	Перечислить — Перечислить: шаблон default security group rule.	Редактирование обычной security group с именем default не управляет этим API-ресурсом.	https://github.com/openstack/python-openstackclient/blob/7.4.0/openstackclient/network/v2/default_security_group_rule.py#L277	https://github.com/openstack/horizon/tree/25.3.0/openstack_dashboard/enabled; https://github.com/openstack/horizon/tree/25.3.0/openstack_dashboard/dashboards; https://github.com/openstack/horizon/tree/25.3.0/openstack_dashboard/static/app/core
openstack default security group rule show	openstack.network.v2	read	no	Показать — Показать: шаблон default security group rule.	Редактирование обычной security group с именем default не управляет этим API-ресурсом.	https://github.com/openstack/python-openstackclient/blob/7.4.0/openstackclient/network/v2/default_security_group_rule.py#L390	https://github.com/openstack/horizon/tree/25.3.0/openstack_dashboard/enabled; https://github.com/openstack/horizon/tree/25.3.0/openstack_dashboard/dashboards; https://github.com/openstack/horizon/tree/25.3.0/openstack_dashboard/static/app/core
openstack subnet create	openstack.network.v2	mutation	yes	Создать — Create Subnet: CIDR либо существующий subnet pool, IPv4/IPv6, gateway, DHCP, DNS, routes, allocation pools.	Нет полного набора CLI-полей, например service types, network segment и tags.	https://github.com/openstack/python-openstackclient/blob/7.4.0/openstackclient/network/v2/subnet.py#L291	https://github.com/openstack/horizon/blob/25.3.0/openstack_dashboard/dashboards/project/networks/subnets/workflows.py#L32; https://github.com/openstack/horizon/blob/25.3.0/openstack_dashboard/dashboards/project/networks/workflows.py#L105
openstack subnet delete	openstack.network.v2	mutation	yes	Удалить — Subnets в Network Details: список, детали, Delete Subnet.	Список вложен в сеть; IPv6 и другие поля зависят от настроек/расширений.	https://github.com/openstack/python-openstackclient/blob/7.4.0/openstackclient/network/v2/subnet.py#L435	https://github.com/openstack/horizon/blob/25.3.0/openstack_dashboard/dashboards/project/networks/subnets/tables.py#L110; https://github.com/openstack/horizon/blob/25.3.0/openstack_dashboard/dashboards/project/networks/subnets/views.py#L105
openstack subnet list	openstack.network.v2	read	yes	Перечислить — Subnets в Network Details: список, детали, Delete Subnet.	Список вложен в сеть; IPv6 и другие поля зависят от настроек/расширений.	https://github.com/openstack/python-openstackclient/blob/7.4.0/openstackclient/network/v2/subnet.py#L477	https://github.com/openstack/horizon/blob/25.3.0/openstack_dashboard/dashboards/project/networks/subnets/tables.py#L110; https://github.com/openstack/horizon/blob/25.3.0/openstack_dashboard/dashboards/project/networks/subnets/views.py#L105
openstack subnet set	openstack.network.v2	mutation	partial	Изменить — Edit Subnet: name, gateway, DHCP, allocation pools, DNS nameservers, host routes.	IPv6 modes при update скрыты; нет service types, segment, description/tags и ряда расширений.	https://github.com/openstack/python-openstackclient/blob/7.4.0/openstackclient/network/v2/subnet.py#L650	https://github.com/openstack/horizon/blob/25.3.0/openstack_dashboard/dashboards/project/networks/subnets/workflows.py#L94; https://github.com/openstack/horizon/blob/25.3.0/openstack_dashboard/dashboards/project/networks/subnets/workflows.py#L199
openstack subnet show	openstack.network.v2	read	yes	Показать — Subnets в Network Details: список, детали, Delete Subnet.	Список вложен в сеть; IPv6 и другие поля зависят от настроек/расширений.	https://github.com/openstack/python-openstackclient/blob/7.4.0/openstackclient/network/v2/subnet.py#L743	https://github.com/openstack/horizon/blob/25.3.0/openstack_dashboard/dashboards/project/networks/subnets/tables.py#L110; https://github.com/openstack/horizon/blob/25.3.0/openstack_dashboard/dashboards/project/networks/subnets/views.py#L105
openstack subnet unset	openstack.network.v2	mutation	partial	Снять параметры — Edit Subnet может убрать gateway, DNS/host routes и записи allocation pools.	Нет снятия service types и tags; полностью пустой allocation_pools не отправляется, поэтому удаление последнего pool не покрыто. DNS/routes можно очистить.	https://github.com/openstack/python-openstackclient/blob/7.4.0/openstackclient/network/v2/subnet.py#L764	https://github.com/openstack/horizon/blob/25.3.0/openstack_dashboard/dashboards/project/networks/subnets/workflows.py#L199; https://github.com/openstack/horizon/blob/25.3.0/openstack_dashboard/dashboards/project/networks/workflows.py#L340
openstack subnet pool create	openstack.network.v2	mutation	no	Создать — Нет отдельной панели subnet pools.	При просмотре subnet читается только имя/id ее pool; это не просмотр pool prefixes, address scope, quotas и allocation attributes и не CRUD pool.	https://github.com/openstack/python-openstackclient/blob/7.4.0/openstackclient/network/v2/subnet_pool.py#L154	https://github.com/openstack/horizon/blob/25.3.0/openstack_dashboard/dashboards/project/networks/subnets/views.py#L122; https://github.com/openstack/horizon/blob/25.3.0/openstack_dashboard/dashboards/project/networks/workflows.py#L247
openstack subnet pool delete	openstack.network.v2	mutation	no	Удалить — Нет отдельной панели subnet pools.	При просмотре subnet читается только имя/id ее pool; это не просмотр pool prefixes, address scope, quotas и allocation attributes и не CRUD pool.	https://github.com/openstack/python-openstackclient/blob/7.4.0/openstackclient/network/v2/subnet_pool.py#L225	https://github.com/openstack/horizon/blob/25.3.0/openstack_dashboard/dashboards/project/networks/subnets/views.py#L122; https://github.com/openstack/horizon/blob/25.3.0/openstack_dashboard/dashboards/project/networks/workflows.py#L247
openstack subnet pool list	openstack.network.v2	read	partial	Перечислить — Существующие subnet pools перечислены в Create Subnet.	Dropdown для allocation, без самостоятельной таблицы pool ресурсов.	https://github.com/openstack/python-openstackclient/blob/7.4.0/openstackclient/network/v2/subnet_pool.py#L266	https://github.com/openstack/horizon/blob/25.3.0/openstack_dashboard/dashboards/project/networks/workflows.py#L247
openstack subnet pool set	openstack.network.v2	mutation	no	Изменить — Нет отдельной панели subnet pools.	При просмотре subnet читается только имя/id ее pool; это не просмотр pool prefixes, address scope, quotas и allocation attributes и не CRUD pool.	https://github.com/openstack/python-openstackclient/blob/7.4.0/openstackclient/network/v2/subnet_pool.py#L392	https://github.com/openstack/horizon/blob/25.3.0/openstack_dashboard/dashboards/project/networks/subnets/views.py#L122; https://github.com/openstack/horizon/blob/25.3.0/openstack_dashboard/dashboards/project/networks/workflows.py#L247
openstack subnet pool show	openstack.network.v2	read	no	Показать — Нет отдельной панели subnet pools.	При просмотре subnet читается только имя/id ее pool; это не просмотр pool prefixes, address scope, quotas и allocation attributes и не CRUD pool.	https://github.com/openstack/python-openstackclient/blob/7.4.0/openstackclient/network/v2/subnet_pool.py#L463	https://github.com/openstack/horizon/blob/25.3.0/openstack_dashboard/dashboards/project/networks/subnets/views.py#L122; https://github.com/openstack/horizon/blob/25.3.0/openstack_dashboard/dashboards/project/networks/workflows.py#L247
openstack subnet pool unset	openstack.network.v2	mutation	no	Снять параметры — Нет отдельной панели subnet pools.	При просмотре subnet читается только имя/id ее pool; это не просмотр pool prefixes, address scope, quotas и allocation attributes и не CRUD pool.	https://github.com/openstack/python-openstackclient/blob/7.4.0/openstackclient/network/v2/subnet_pool.py#L485	https://github.com/openstack/horizon/blob/25.3.0/openstack_dashboard/dashboards/project/networks/subnets/views.py#L122; https://github.com/openstack/horizon/blob/25.3.0/openstack_dashboard/dashboards/project/networks/workflows.py#L247
